id,body,author_id,archived,created_at
1,Ad laudantium dicta quo nihil sunt aspernatur quia. Omnis vero ut occaecati. Iure enim labore.,5,1,1487577963850.0
2,Harum unde maiores est quasi totam consequuntur. Necessitatibus doloribus ut totam dolore omnis quos error eos. Rem nostrum assumenda eius veniam fugit dicta in consequuntur. Ut porro dolorem aliquid qui magnam a.,2,0,1468236023128.0
3,Dolores ea corrupti est qui repellat. Iste non quaerat autem earum consequatur ea id voluptatum.,1,0,1479587806041.0
4,Ut sapiente et eveniet fuga molestiae veniam qui voluptate. Et fugiat velit. Ut dolorem magnam.,1,0,1464601917938.0
5,Qui nesciunt totam ea quibusdam aut. Velit doloribus enim nulla cumque ab sed.,5,0,1467788205039.0
6,Sapiente aliquid repellat exercitationem harum corrupti architecto neque magni. Dolor rem voluptate et earum voluptate aut ratione. Non alias deserunt quia porro sunt.,4,1,1473780783397.0
7,Reprehenderit error sint. Incidunt et inventore facere. Modi voluptatem et placeat amet aut.,1,0,1486279526044.0
8,Nostrum repellendus odio. Officia eaque sunt laboriosam qui molestias quod quia eius non. Aut veritatis vero aliquid suscipit deserunt id architecto saepe. Dolorem fugit corrupti vel ipsa qui qui qui delectus facere.,2,0,1479420252175.0
9,Est esse ipsa facilis. Est eligendi omnis magni nostrum sit ratione. Eos accusamus voluptate et sunt culpa quis velit. Voluptate quam sed reprehenderit et reprehenderit.,4,0,1470222971402.0
10,Deserunt quibusdam nemo ducimus saepe iusto amet repellendus voluptas placeat. Sed velit autem dolores veniam excepturi ducimus quisquam. Molestias sit voluptas rerum neque.,4,0,1484396131040.0
11,Modi quis velit. Est commodi accusantium. Magnam sit ratione quasi aut dignissimos possimus excepturi.,2,1,1478378016750.0
12,Ut ipsum minima sint rerum quo cupiditate consequatur omnis asperiores. At est aut et. Id quas ducimus et. Id et natus deserunt odio consequatur.,2,0,1478821124545.0
13,Ea rem placeat sit ratione cupiditate. Cum fugit occaecati repudiandae. Molestiae recusandae voluptatum non modi sint modi aspernatur facilis rem. Sit aut incidunt qui et eum cumque sint.,1,0,1478762349235.0
14,Itaque quis nam molestias recusandae. Dolore sit alias nam ipsam quia. Ab dicta enim iusto.,5,0,1483804749732.0
15,Fuga omnis est recusandae et veritatis aliquid saepe architecto repellat. Velit provident minus facere velit. Sit et eligendi omnis. Perferendis deserunt beatae aut ducimus.,1,0,1466351669014.0
